[{
	"provincia": "Buenos Aires",
	"abreviatura": "BA",
	"capital": "La Plata",
	"bandera": "bsas.png",
	"fechaAutonomia": "1820-11-01",
	"poblacion": "15625084",
	"superficie": "307571",
	"nroDepartamentos": "135",
	"tienePuerto": "Y"
}, {
	"provincia": "Catamarca",
	"abreviatura": "CA",
	"capital": "San Fernando del Valle de Catamarca",
	"bandera": "catamarca.png",
	"fechaAutonomia": "1821-11-01",
	"poblacion": "367828",
	"superficie": "102602",
	"nroDepartamentos": "16",
	"tienePuerto": "N"
}, {
	"provincia": "Chaco",
	"abreviatura": "CH",
	"capital": "Resistencia",
	"bandera": "chaco.png",
	"fechaAutonomia": "1955-11-01",
	"poblacion": "1055259",
	"superficie": "99633",
	"nroDepartamentos": "25",
	"tienePuerto": "N"
}, {
	"provincia": "Chubut",
	"abreviatura": "CT",
	"capital": "Rawson",
	"bandera": "chubut.png",
	"fechaAutonomia": "1955-11-01",
	"poblacion": "509108",
	"superficie": "224686",
	"nroDepartamentos": "15",
	"tienePuerto": "Y"
}, {
	"provincia": "Córdoba",
	"abreviatura": "CB",
	"capital": "Córdoba",
	"bandera": "cordoba.png",
	"fechaAutonomia": "1955-11-01",
	"poblacion": "3308876",
	"superficie": "165321",
	"nroDepartamentos": "26",
	"tienePuerto": "N"
}, {
	"provincia": "Corrientes",
	"abreviatura": "CR",
	"capital": "Corrientes",
	"bandera": "corrientes.png",
	"fechaAutonomia": "1814-11-01",
	"poblacion": "930911",
	"superficie": "88199",
	"nroDepartamentos": "25",
	"tienePuerto": "N"
}, {
	"provincia": "Entre Rios",
	"abreviatura": "ER",
	"capital": "Paraná",
	"bandera": "entrerios.png",
	"fechaAutonomia": "1814-11-01",
	"poblacion": "1235994",
	"superficie": "78781",
	"nroDepartamentos": "17",
	"tienePuerto": "Y"
}, {
	"provincia": "Formosa",
	"abreviatura": "FO",
	"capital": "Formosa",
	"bandera": "formosa.png",
	"fechaAutonomia": "1814-11-01",
	"poblacion": "530162",
	"superficie": "72066",
	"nroDepartamentos": "9",
	"tienePuerto": "N"
}, {
	"provincia": "Jujuy",
	"abreviatura": "JY",
	"capital": "San Salvador de Jujuy",
	"bandera": "jujuy.png",
	"fechaAutonomia": "1836-11-01",
	"poblacion": "673307",
	"superficie": "53219",
	"nroDepartamentos": "16",
	"tienePuerto": "N"
}, {
	"provincia": "La Pampa",
	"abreviatura": "LP",
	"capital": "Santa Rosa",
	"bandera": "lapampa.png",
	"fechaAutonomia": "1836-11-01",
	"poblacion": "318951",
	"superficie": "143440",
	"nroDepartamentos": "22",
	"tienePuerto": "N"
}, {
	"provincia": "La Rioja",
	"abreviatura": "LR",
	"capital": "La Rioja",
	"bandera": "larioja.png",
	"fechaAutonomia": "1836-11-01",
	"poblacion": "333642",
	"superficie": "89680",
	"nroDepartamentos": "18",
	"tienePuerto": "N"
}, {
	"provincia": "Mendoza",
	"abreviatura": "MZ",
	"capital": "Mendoza",
	"bandera": "mendoza.png",
	"fechaAutonomia": "1836-11-01",
	"poblacion": "1738929",
	"superficie": "148827",
	"nroDepartamentos": "18",
	"tienePuerto": "N"
}, {
	"provincia": "Misiones",
	"abreviatura": "MI",
	"capital": "Posadas",
	"bandera": "misiones.png",
	"fechaAutonomia": "1820-11-01",
	"poblacion": "1101593",
	"superficie": "29801",
	"nroDepartamentos": "17",
	"tienePuerto": "N"
}, {
	"provincia": "Neuquén",
	"abreviatura": "NQ",
	"capital": "Neuquén",
	"bandera": "neuquen.png",
	"fechaAutonomia": "1820-11-01",
	"poblacion": "585126",
	"superficie": "94078",
	"nroDepartamentos": "16",
	"tienePuerto": "N"
}, {
	"provincia": "Rio Negro",
	"abreviatura": "RN",
	"capital": "Viedma",
	"bandera": "rionegro.png",
	"fechaAutonomia": "1820-11-01",
	"poblacion": "638645",
	"superficie": "203013",
	"nroDepartamentos": "13",
	"tienePuerto": "Y"
}, {
	"provincia": "Salta",
	"abreviatura": "SA",
	"capital": "Salta",
	"bandera": "salta.png",
	"fechaAutonomia": "1820-11-01",
	"poblacion": "1214441",
	"superficie": "155488",
	"nroDepartamentos": "23",
	"tienePuerto": "N"
}, {
	"provincia": "San Juan",
	"abreviatura": "SJ",
	"capital": "San Juan",
	"bandera": "sanjuan.png",
	"fechaAutonomia": "1825-11-01",
	"poblacion": "681055",
	"superficie": "89651",
	"nroDepartamentos": "19",
	"tienePuerto": "N"
}, {
	"provincia": "San Luis",
	"abreviatura": "SL",
	"capital": "San Luis",
	"bandera": "sanluis.png",
	"fechaAutonomia": "1825-11-01",
	"poblacion": "432310",
	"superficie": "76748",
	"nroDepartamentos": "9",
	"tienePuerto": "N"
}, {
	"provincia": "Santa Cruz",
	"abreviatura": "SC",
	"capital": "Río Gallegos",
	"bandera": "santacruz.png",
	"fechaAutonomia": "1825-11-01",
	"poblacion": "273964",
	"superficie": "243943",
	"nroDepartamentos": "7",
	"tienePuerto": "Y"
}, {
	"provincia": "Santa Fe",
	"abreviatura": "SF",
	"capital": "Santa Fe",
	"bandera": "santafe.png",
	"fechaAutonomia": "1825-11-01",
	"poblacion": "3194537",
	"superficie": "133007",
	"nroDepartamentos": "19",
	"tienePuerto": "Y"
}, {
	"provincia": "Santiago del Estero",
	"abreviatura": "SE",
	"capital": "Santiago del Estero",
	"bandera": "santiago.png",
	"fechaAutonomia": "1825-11-01",
	"poblacion": "874006",
	"superficie": "136351",
	"nroDepartamentos": "27",
	"tienePuerto": "N"
}, {
	"provincia": "Tierra del Fuego",
	"abreviatura": "TF",
	"capital": "Ushuaia",
	"bandera": "tierra.png",
	"fechaAutonomia": "1825-11-01",
	"poblacion": "127205",
	"superficie": "215716",
	"nroDepartamentos": "4",
	"tienePuerto": "Y"
}, {
	"provincia": "Tucumán",
	"abreviatura": "TUC",
	"capital": "San Miguel de Tucumán",
	"bandera": "tucuman.png",
	"fechaAutonomia": "1820-11-01",
	"poblacion": "1448188",
	"superficie": "22524",
	"nroDepartamentos": "17",
	"tienePuerto": "N"
}]